cal BP,Posterior probability
-140,1.5802032141333376E-5
-130,5.767741731586682E-4
-120,0.015517595562789374
-110,0.09339791097135092
-100,0.3376578227960116
-90,0.32843733704154354
-80,0.19205789864576583
-70,0.029352274702526746
-60,0.0028680688336520078
-50,1.1851524106000032E-4
